"ID / figure scope","Actor","Use case","Supporting code location","Implementation status"
"U01 / overview","Guest; Investor; Broker; recognized city staff","Find and evaluate properties","property-explorer.php:3; api/bootstrap.php:15; api/property.php:18; assets/js/city-workspace.js:686; app/Repositories/PropertyRepository.php:486","Implemented. Summarizes browsing, search/filter, details, map exploration, preliminary assessments, business suggestions and nearby establishments. Dataset visibility depends on role."
"U02 / overview","Guest; Investor; Broker; recognized city staff","Compare properties","compare-decision.php:3; assets/js/city-workspace.js:815, :2021; app/Support/CityWorkspace.php:431","Implemented. Up to three visible properties; comparison selections are stored locally in the browser."
"U03 / overview","Investor","Save properties","api/cart.php:7; assets/js/city-workspace.js:2004","Implemented. Persistent personal shortlist; endpoint accepts investor role only."
"U04 / overview, administration","Guest; Broker on reapplication","Apply or reapply as broker","seller-login.php:15; app/Support/auth.php:345; app/Repositories/SellerProfileRepository.php:631; api/seller-profiles.php:117","Implemented. Guest applies with required PRC credentials and front/back images; Broker revises/resubmits through U05."
"U05 / administration","Broker","Revise broker application","api/seller-profiles.php:117; app/Repositories/SellerProfileRepository.php:620","Implemented. Draft/update/resubmit; material credential/document changes require fresh review."
"U06 / overview, submission","Broker; recognized city staff","Submit or edit property listings","api/properties.php:31, :34; api/property.php:33, :37; api/_listing-policy.php:8; assets/js/broker-workspace.js:905","Implemented. Brokers are restricted to own listings and the broker submission gate. New and ordinary edited broker listings enter pending review. City staff maintain city property records under U10."
"U07 / submission","Broker; CAO/ASSESSOR; LEBDO; CICTO","Plot property boundaries","assets/js/property-wizard.js:605; app/Support/PropertyParcel.php:23, :190, :245; app/Support/property-wizard-view.php:355","Implemented, optional. Includes viewing estimated area. Pin/recorded-area alternatives exist; area calculation is not a separate use case."
"U08 / submission","Broker; CAO/ASSESSOR; LEBDO; CICTO","Supply property evidence","api/properties.php:52; api/property.php:104; app/Support/PropertyEvidenceFiles.php; app/Support/property-wizard-view.php:613","Implemented. Private supporting attachments, source/observation data and broker Authority-to-Sell upload. Upload is distinct from validating that document."
"U09 / submission","Broker; CAO/ASSESSOR; LEBDO; CICTO","Preview property assessment","api/assessment-preview.php:14; api/_listing-policy.php:91; app/Support/AutomaticPropertyAssessment.php","Implemented preview and pending/readiness results. Complete numeric assessments require approved conversion rules and verified source inputs; shipped configuration does not supply them. Scores cannot be assigned by browser payload."
"U10 / overview, submission","CAO/ASSESSOR; LEBDO; CICTO","Assess and manage properties","app/Support/auth.php:591; api/properties.php:31; api/property.php:33; api/due-diligence.php:37","Implemented, broad city goal. Includes property records, submitted evidence, due diligence and lifecycle; does not imply official zoning clearance."
"U11 / submission","CAO/ASSESSOR; LEBDO; CICTO","Inspect property evidence","api/property-evidence.php:11; api/property-authority-to-sell.php:25","Implemented. City staff can inspect/download private evidence. This does not prove the separate Authority-to-Sell decision handler works."
"U12 / submission","CAO/ASSESSOR; LEBDO; CICTO","Record due diligence","api/due-diligence.php:37; api/property.php:100","Implemented. Authorized checklist/evidence-state updates, distinct from changing trusted numerical scores or issuing clearance."
"U13 / excluded","CICTO","Decide listing publication","app/Support/auth.php:586; api/_listing-policy.php:47, :62, :73; admin-properties.php:116; assets/js/admin-workspace.js:936; api/property.php:90","Partial: API authorization/decision logic exists, but the normal UI submits an Authority-to-Sell decision and hits the fileId mismatch. An API-only request omitting that field can record an approval/rejection; the working UI goal is excluded. Public broker visibility also requires validated Authority to Sell. No distinct working property “request corrections” decision was verified."
"U14 / submission","CAO/ASSESSOR; LEBDO; CICTO","Manage listing lifecycle","api/property.php:49; app/Repositories/PropertyRepository.php:223, :252, :270, :280, :298","Implemented. Availability, archive/unarchive, retained deletion and restore. Restore clears deletion metadata and preserves prior moderation/archive/availability; only unarchiving a historical moderation-state archive resets it to pending review."
"U15 / evidence only","Broker","Archive own listings","api/property.php:51, :59; app/Repositories/PropertyRepository.php:252, :280","Implemented API permission. Broker UI primarily exposes View/Edit; no standalone broker archive control was verified. Ordinary broker edit may change availability but resets review."
"U16 / overview, administration","Authorized CAO/ASSESSOR or LEBDO reviewer","Review broker applications","app/Support/auth.php:573; api/seller-profiles.php:72, :173; api/broker-document.php:14; app/Repositories/SellerProfileRepository.php:376","Implemented. Explicit reviewer grant and active account required; CICTO excluded. Review includes PRC documents and approve/reject/request corrections/block outcomes with recorded reason. Approval requires PRC-check confirmation; block requires findings."
"U17 / overview, administration","CICTO","Manage city accounts and reviewer permissions","api/staff.php:8, :14, :24, :29; app/Support/auth.php:311; app/Repositories/UserRepository.php (setBrokerReviewAuthorization)","Implemented. Provision office accounts and grant/revoke broker-review permission only for eligible CAO/ASSESSOR or LEBDO users. No arbitrary role-policy editor was verified."
"U18 / administration","CAO/ASSESSOR; LEBDO; CICTO","Review investor verification","api/admin-investors.php:7, :37","Implemented. All recognized city-admin roles, not only CICTO, can update investor identity verification status."
"U19 / administration","CICTO","Inspect audit history","api/audit-logs.php:8; app/Support/PropertyCommandCenterService.php:59","Implemented. CICTO-only audit-ledger access."
"U20 / administration","CICTO","Maintain public showcase and voting options","api/showcase.php:17; api/showcase-item.php:21; api/vote-options.php:17","Implemented. Included in the repository scope reference; grouped content-administration goal."
"U21 / evidence only","Guest; Investor","Export property / investment reports","reports.php:3, :14, :26; assets/js/investment-evaluation.js:54; assets/js/investment-report.js:11, :22, :31; assets/js/city-workspace.js:1795; assets/js/property-details-view.js:423","Implemented browser print/report paths. A scored investment report requires a complete assessment, valid business/capital inputs and acknowledgment; unavailable inputs leave it blocked/pending. Not shown as an unconditional overview goal."
"U22 / evidence only","Guest","Register investor account","investor-login.php:8; app/Support/auth.php:277","Implemented validated registration with consent."
"U23 / evidence only","Investor; Broker; recognized city staff","Coordinate property inquiries, documents and visits","api/messages.php:93; app/Repositories/MessageRepository.php:116; api/document-requests.php:39; api/visit-logs.php:42","Implemented with participant/ownership checks. Investor initiates inquiries and visit proposals; brokers reply to their own threads. Omitted from the figures as secondary collaboration goals."
"U24 / evidence only","Broker","Verify email ownership","api/email-verification.php:11; verify-email.php:12; app/Support/BrokerEmailService.php:79, :100","Implemented token workflow. Email delivery depends on configured mail transport; verification is a listing-submission precondition."
"U25 / evidence only","Guest; Investor; other map users; map tile services","Explore properties on map","assets/js/city-workspace.js:1369; app/Support/web.php:28; assets/js/property-wizard.js (map setup)","Implemented direct Esri/OpenStreetMap tile requests. Infrastructure services are omitted from the user-goal overview; there is no internal database actor and no demonstrated PRC validation-service integration."
"X01 / excluded","Recognized city staff","Validate Authority to Sell","api/property.php:90; app/Support/PropertyAuthorityToSellFiles.php:24, :41, :85; app/Repositories/PropertyRepository.php:555, :751","Partial/defective: normalized upload exposes id, but the dedicated decision handler requires fileId; normal uploads are rejected by that check. Review-metadata names also differ. Inspection/upload remain implemented; document decision is excluded."
"X02 / excluded","No user actor/permission verified","Manage assessment / CLUP configuration and governed reports","app/Repositories/ClupGovernanceRepository.php:99, :159, :303, :418, :521, :737; app/assessment-sources.php; api/clup.php","Repository/config scaffolding only. No reachable administrative caller was found for these dataset/rule/profile-review/immutable-report methods. Source-file maintenance is not a user use case."
"X03 / excluded","No administration actor/permission verified","Publish approved business-specific rankings","docs/property-business-preview.md; app/business-assessment-profiles.php; api/property-business-preview.php:16","Proposed extension; shipped approved profiles absent. Distinct from the implemented draft exploratory suggestions in U01."
